original_commit	conventional_commit	unchanged_tree
b914166969114ac93128ec456320bd7d02708e30	c0c6be18a2e83622aa6c07bb5b6fd47c0f42d9cf	bfba57b3f886efc638f59609978cdb6781e58a0d
102f05d817850943b9cb369ff2d4fbef653a17d0	22748299e0bd33bc692b34ab695c3bbea392f224	c7fe61bc78c8c330e81b251e4909cc2f12d10c3d
614d97327ff08ce1ff41ec331b66b6c5fec76289	76f518ca54e45c0fc47d662009d4188e129ff6f7	2ff51eee731a55db5709b232aea03e7ca4fa5742
dd70efca452de630517f4b6a15b819622d6418c5	f43eafc6fe73c9bc46588cdd944416cdae622582	388284261e94b09bb764a564bd7588dc7975181a
5ab678e3389ba8427f2c0c0bdf8a90246e092a4b	23028655488aceab20f37580965615ea7a20bf75	57d199cdd1cf7a386b3db9e867d1082f1d6aacbb
782ce27a27e1646673d516e6346e143f3e0f71a9	293c8e83b05b28110c2b0d8eb4585a2884672361	a7f5138becf476b84cf55b632d9f6b1830c29b3b
89b58c11da6989409669b9944a11c7607d5ad6fa	47021b51decd0d113cc0ad4f3ac0cb7389d127fd	2cedff2e60d20cd9478b4ca883305ec3de4d904e
1822d5d7db75447a3d4671bcdaaef8c35a56d9e7	9040f3fe46fc749b108ef0f6c549bc1dbf670928	bc9ecca27da3eba4987377107f5ce7d287db70ce
46ec0c6e75d90513a2604f1cfbe23d9d145a6515	f2a6a55c7a11ea4f9cbe7bd3521980a2f214a935	31469f27d91e0f5bfe2a533dbf60f5ccf88268ce
146563fb185c8f00ee9e06f5986308db71bc8a6f	45d778e7c99e6690f17ac5dfdaf5436a5963c42a	600aa271b981eaf6af97c5e859549f2a690b8038
0ccc59f060cb7697f61f5cfe6385d9a264c586fb	44470d7273e97a4020d4251102bc2a28616d396f	b7f36d85e8a96f4f8d308e228967195565d0bcfd
e14374d104d96f602056f36a0d7ff6550616dd9c	9a174810cbef1d14489338bd96b6147a566153d3	7908734db4cbb03bcb2204a2bb17cb88edd89a1c
ac728d1f34ba5c8e7668445bd1e8860decf7ee4e	8d1440f4543e5ed81953a138ec027ffc79edb29c	b1bee5c826ff8dec10abea1984003668ee5cb7ad
3058fb70604cd7de1e8910f500c4fcece9436397	4aebb9b171ac5878f1e4298cbdd9b1fd75c80ee9	0b80c01aa937a621dc3130fec7b4a4ec1d784ae5
e6fcf9cfe39f15254525fb8311701a311211aa4d	fd5be243e276ea27a46f795b033083d4c0faf7ad	4bf05a4a32a578435d43dc14045d74c27b978920
de64fd51e1b06234eca7b00dee29cd516d791a55	7e5fdad02cc10d79d0d804e67eb3592b68754bfa	c33fc996e432c6654333d01070c68f1d549e08d7
4f43a7af16d202de11ee15bc62d19482f42c7406	eb88aa7b8c734f29f5eb90b8c1d2c99936f43421	cbb3f460a186883adcb8d56ac4cefb8b3dc660af
f31a89ddb05284bca3484465bb35cc7adfbc8393	98a33f4efcff7c1c05ec8d1962d10871d654137d	8148e3d046d8d803c62a94b6d1d81aaf65c3f313
f90f3790d9ceedb1195ba85d5785549ae34c32a9	68aea3f6ba24da100c44bc6bbaefac7c9e008d5a	7a661ea316c117436f1475fb06fdc2798a4c62d1
364edf5b682291f249bf561398752d0d0d150e0a	945227272287ed991b23fa95dd29b66b1484c6fa	c8e63af4050652455700b50a66c3d3f0a01a8f91
a003cf5a0c4abb979872638744a818360adc3bb9	d224966beca1fbf7a24d77b001db663b1612be70	23e107b43a06a667c5a19b07b58a2031532a21d2
6a1c4d3f46bce34ddcfd925c56ace6b5aa48bf4f	ed57cb07e220c169538e0449b92401c3ea20a3ea	06f77e3faa87a346b625eafb2a98dd051db59475
f70a816402267e20c4c283aa778cba60fbed5524	5b45058c95b209bd0671069af1d1c65198b7881b	98e7b3abec3786fa29d5b7dfa544da160126f7cf
e6136d8c60a198139cb5b11f606e546b02224775	d24734cee50daa0ce36ab9705173011de053628a	76fff3e2aeee05d62631c84ff5d0175ae033c202
36a08a620c376ae37936c73e8a585021225dc624	898d97504ab63de8bf442495ea7e0f639b1d5b50	a91aaa749bcd22b1a37400475bf78cbd0db189da
3a330f1e00b341b322d14f072700b69fd805331e	c85fc2ece9002bcb77935353ac589c6f4d9463f2	909250f552d6a470cc56841b9eb12ec579b7faec
4086f827aae00f623f8c06e434aabf40f03aecc2	96cc2b830dcf3f52b94f87e226735ff93b7a3d29	19c1cd8f27b52b650b1afbac0892e686bf951c29
87fb8c5b52fb3bcea35f9da40d9250b71f176d12	0c4a3d1b68f22cfb06f3eb3567c2263f5c9d53f8	3dbf1b87e857aa8be2212bbc364044552bd57050
c19246ad149a37cfd10c83036862b7360b33fd59	c51744445e195faf32c91182eafdc52498a1a577	54c0f62b186cb71823f54167b2d20d2223e29ea1
987a5e45f18acb86fdd4a7cf8ed33fa0fcc4c729	fd6d907fecedcae6df06eff4221ec1765480f556	0ad5c8d088fad175baf0367464f0769cabe8df9d
eef888b56a8a1934555e890d88a74450451000b7	0eb5acab87a85f874c72eb691dd9896f434ae6b6	9de65bf149976fb0aecf9c5b703d5a12a5c0d8d8
fbffbeac5121dd600a569b90beb9f24f0461d410	695ee4950fede7e19466f302a340ec07a108fee9	f184a9bff6bccc633414cef2d852302fe28a5cb5
f25374c15936126772742a5b0143d08d02de071f	0404ea4b2c7bb6c5412b67d32b207360de45d9a2	236a2508c91ecfa87fc83c1a4e63149cb6b4a592
15f7f3a6bff13fdb3ba6a53d67503fcbea0c14c0	df1bd294dfe70eb0968679b67f851357ed959506	ff6947dd1f31885beed456ee03c32b13d30e38f2
633c6094a8b8752cf2abd780a940d25e7479bbaf	db9c47856c59a80366390da4172f9493c287b391	927aac96bc5b0a64b200c52702bc69610c9b8d79
fd623965f9c2873fdc6e8cf7cb40f530d5e98b0f	759f46c9221e64778ad5e90aac93af6383c39714	d7c303500cc44da30ebd8152159a8beb7d24265c
7bfbaeaff84f2636f6c1345c73d0484de2133214	e7989f322e985c3e23f97b59424828ada88814f1	6bb9df75e1560ea517b56dadd7cd4d0f1d5de988
18fde618310b4a32b61240b792b1e5e64c30afc5	843cfb4f44db865e4dad5e8462c06023d53a15d1	83cc2e0a0c60e6b525310185d3a0e1d1c7fff72c
58a7316ac3265fd62aede31c2b2cad4a8e5eb6cb	399c2f6b24fe372344c4a90104b95b5fd27a11ea	d26e77514623c4af4d7aa3bedf40126fb0f63476
66ed773393dd175f9fcf8f363f5f4aaeb129004d	2b371038fc0932c0b89d2e00f1a62b28ba2c5a61	d1f3e1f3be47cfc40142044590eda429826d99ca
07ef8d13371376bce49016d65efc772ae128971d	4fe1eabb18d1cb95ae336fca5136789e4cfe9c50	f1eae9528cf68e62710e0b71fbb151bc3fffe03c
